{
  "build": {
    "content": [
      {
        "files": [
          "**/*.md",
          "**/**.yml"
        ],
        "exclude": [
          "**/obj/**",
          "cloud-app-security/**",
          "**/includes/**"
        ]
      }
    ],
    "resource": [
      {
        "files": [
          "**/*.png",
          "**/*.jpg"
        ],
        "exclude": [
          "**/obj/**",
          "cloud-app-security/**",
          "**/includes/**"
        ]
      }
    ],
    "overwrite": [],
    "externalReference": [],
    "globalMetadata": {
      "feedback_system": "Standard",
      "feedback_github_repo": "MicrosoftDocs/cloudappsecuritydocs",
      "feedback_product_url": "https://docs.microsoft.com/cloud-app-security/support-and-ts",
      "uhfHeaderId": "MSDocsHeader-MicrosoftDefender",
      "layout": "Conceptual",
      "breadcrumb_path": "/defender-cloud-apps/breadcrumb/toc.json",
      "searchScope": ["Defender for Cloud Apps"],
      "titleSuffix": "Microsoft Defender for Cloud Apps",
      "author": "batamig",
      "manager": "raynew",
      "ms.author": "bagol",
      "ms.collection": "M365-security-compliance",
      "ms.service": "defender-for-cloud-apps",
      "ms.suite": "ems"
    },
    "fileMetadata": {},
    "template": [],
    "dest": "cloud-app-security",
    "markdownEngineName": "markdig"
  }
}
