{
  "build_entry_point": "docs",
  "docsets_to_publish": [
    {
      "docset_name": "CloudAppSecurityDocs",
      "build_source_folder": "CloudAppSecurityDocs",
      "build_output_subfolder": "cloud-app-security",
      "locale": "en-us",
      "monikers": [],
      "moniker_ranges": [],
      "open_to_public_contributors": true,
      "type_mapping": {
        "Conceptual": "Content",
        "ManagedReference": "Content",
        "RestApi": "Content"
      },
      "template_folder": "_themes",
      "version": 0
    }
  ],
  "notification_subscribers": [],
  "sync_notification_subscribers": [],
  "branches_to_filter": [],
  "git_repository_url_open_to_public_contributors": "https://github.com/Microsoft/CloudAppSecurityDocs",
  "git_repository_branch_open_to_public_contributors": "main",
  "need_preview_pull_request": true,
  "dependent_repositories": [
    {
      "path_to_root": "_themes",
      "url": "https://github.com/Microsoft/templates.docs.msft",
      "branch": "main",
      "branch_mapping": {}
    },
    {
      "path_to_root": "_themes.pdf",
      "url": "https://github.com/Microsoft/templates.docs.msft.pdf",
      "branch": "main",
      "branch_mapping": {}
    }
  ],
  "branch_target_mapping": {
    "live": [
      "Publish",
      "Pdf"
    ]
  },
  "targets": {
    "Pdf": {
      "template_folder": "_themes.pdf"
    }
  },
  "docs_build_engine": {},
  "skip_source_output_uploading": false,
  "contribution_branch_mappings": {},
  "need_generate_pdf_url_template": true,
  "need_generate_pdf": false,
  "need_generate_intellisense": false,
  "enable_branch_build_custom_validation": true,
  "enable_pull_request_custom_validation": true
}